Scopus Source ID,Title,CiteScore,Subject code,Scopus Sub-Subject Area,Quartile,Top 10% (CiteScore Percentile),Print ISSN,E-ISSN,Science code
23340,Chemical Reviews,54.26,1600,General Chemistry,Quartile1,Top 10%,92665,15206890,16
23350,Chemical Society Reviews,41.35,1600,General Chemistry,Quartile1,Top 10%,3060012,14604744,16
29719,Reviews of Modern Physics,39.2,3100,General Physics and Astronomy,Quartile1,Top 10%,346861,15390756,31
17900156715,IEEE Communications Surveys and Tutorials,33.62,2208,Electrical and Electronic Engineering,Quartile1,Top 10%,1553877X,,22
17899,Progress in Materials Science,28.12,2500,General Materials Science,Quartile1,Top 10%,796425,,25
12010,Annual Review of Psychology,27.3,3200,General Psychology,Quartile1,Top 10%,664308,15452085,32
26978,Advances in Physics,26.47,3104,Condensed Matter Physics,Quartile1,Top 10%,18732,14606976,31
16801,Annual Review of Biochemistry,25.59,1303,Biochemistry,Quartile1,Top 10%,664154,15454509,13
29229,Physics Reports,24.94,3100,General Physics and Astronomy,Quartile1,Top 10%,3701573,,31
18434,Cell,24.38,1300,"General Biochemistry, Genetics and Molecular Biology",Quartile1,Top 10%,928674,10974172,13
21100228100,Advances in Optics and Photonics,21.2,3107,"Atomic and Molecular Physics, and Optics",Quartile1,Top 10%,19438206,,31
22657,Accounts of Chemical Research,20.1,1600,General Chemistry,Quartile1,Top 10%,14842,15204898,16
18990,Nature Genetics,19.88,1311,Genetics,Quartile1,Top 10%,10614036,,13
28677,Living Reviews in Relativity,19.77,3101,Physics and Astronomy (miscellaneous),Quartile1,Top 10%,14338351,,31
15819,Nature Medicine,19.14,1300,"General Biochemistry, Genetics and Molecular Biology",Quartile1,Top 10%,10788956,,13
13443,Psychological Bulletin,17.88,3200,General Psychology,Quartile1,Top 10%,332909,,32
29709,Reports on Progress in Physics,17.7,3100,General Physics and Astronomy,Quartile1,Top 10%,344885,13616633,31
20786,Bell Labs Technical Journal,17.25,2208,Electrical and Electronic Engineering,Quartile1,Top 10%,10897089,15387305,22
28599,Reviews of Geophysics,17.24,1908,Geophysics,Quartile1,Top 10%,87551209,,19
17437,Nature Reviews Neuroscience,16.94,2800,General Neuroscience,Quartile1,Top 10%,1471003X,14710048,28
17436,Nature Neuroscience,16.74,2800,General Neuroscience,Quartile1,Top 10%,10976256,,28
14181,Annual Review of Neuroscience,16.69,2800,General Neuroscience,Quartile1,Top 10%,0147006X,15454126,28
11300153736,Annual Review of Pathology: Mechanisms of Disease,16.61,2734,Pathology and Forensic Medicine,Quartile1,Top 10%,15534006,15534014,27
120008,Annual Review of Physiology,16.21,1314,Physiology,Quartile1,Top 10%,664278,15451585,13
15847,New England Journal of Medicine,16.1,2700,General Medicine,Quartile1,Top 10%,284793,15334406,27
19700188395,Annual Review of Marine Science,15.47,1910,Oceanography,Quartile1,Top 10%,19411405,19410611,19
21206,Nature,15.21,1000,Multidisciplinary,Quartile1,Top 10%,280836,14764687,10
23571,Science,15.21,1000,Multidisciplinary,Quartile1,Top 10%,368075,,10
19066,Trends in Cell Biology,14.13,1307,Cell Biology,Quartile1,Top 10%,9628924,,13
19409,Advanced Drug Delivery Reviews,13.9,3003,Pharmaceutical Science,Quartile1,Top 10%,0169409X,,30
13969,"Psychological Science in the Public Interest, Supplement",13.68,3200,General Psychology,Quartile1,Top 10%,15291006,,32
12812,Personality and Social Psychology Review,13.02,3207,Social Psychology,Quartile1,Top 10%,10888683,15327957,32
4000151822,Nature Physics,13.01,3100,General Physics and Astronomy,Quartile1,Top 10%,17452473,,31
27498,Annual Review of Medicine,12.98,1300,"General Biochemistry, Genetics and Molecular Biology",Quartile1,Top 10%,664219,1545326X,13
19014,Nature Cell Biology,12.93,1307,Cell Biology,Quartile1,Top 10%,14657392,,13
19584,Annual Review of Public Health,12.9,2739,"Public Health, Environmental and Occupational Health",Quartile1,Top 10%,1637525,15452093,27
26555,Annual Review of Physical Chemistry,12.69,1606,Physical and Theoretical Chemistry,Quartile1,Top 10%,0066426X,15451593,16
5800207366,Nature Protocols,12.65,1300,"General Biochemistry, Genetics and Molecular Biology",Quartile1,Top 10%,17542189,,13
16512,Review of Educational Research,12.31,3304,Education,Quartile1,Top 10%,346543,,33
27567,Renewable and Sustainable Energy Reviews,12.21,2105,"Renewable Energy, Sustainability and the Environment",Quartile1,Top 10%,13640321,,21
12600154733,National Health Statistics Reports,12.06,2739,"Public Health, Environmental and Occupational Health",Quartile1,Top 10%,21648344,,27
29431,Quarterly Journal of Economics,12.02,2002,Economics and Econometrics,Quartile1,Top 10%,335533,15314650,20
19700170610,IEEE Transactions on Smart Grid,11.91,1700,General Computer Science,Quartile1,Top 10%,19493053,,17
17978,Neuron,11.87,2800,General Neuroscience,Quartile1,Top 10%,8966273,,28
24025,Progress in Neurobiology,11.32,2800,General Neuroscience,Quartile1,Top 10%,3010082,,28
16715,Annual Review of Phytopathology,11.24,1110,Plant Science,Quartile1,Top 10%,664286,,11
14204,Nucleic Acids Research,11.14,1311,Genetics,Quartile1,Top 10%,3051048,13624962,13
17600155130,NCHS data brief,10.88,2700,General Medicine,Quartile1,Top 10%,19414935,19414927,27
17915,Proceedings of the IEEE,10.79,2208,Electrical and Electronic Engineering,Quartile1,Top 10%,189219,,22
19614,Annual Review of Microbiology,10.66,2404,Microbiology,Quartile1,Top 10%,664227,15453251,24
19700176402,Cold Spring Harbor perspectives in biology,10.58,1300,"General Biochemistry, Genetics and Molecular Biology",Quartile1,Top 10%,19430264,,13
29488,Progress in Particle and Nuclear Physics,10.52,3106,Nuclear and High Energy Physics,Quartile1,Top 10%,1466410,,31
15870,Journal of Clinical Investigation,10.49,2700,General Medicine,Quartile1,Top 10%,219738,,27
19700177027,IEEE Transactions on Sustainable Energy,10.32,2105,"Renewable Energy, Sustainability and the Environment",Quartile1,Top 10%,19493029,,21
19939,Trends in Neurosciences,10.3,2800,General Neuroscience,Quartile1,Top 10%,1662236,,28
28366,Gut,10.3,2715,Gastroenterology,Quartile1,Top 10%,175749,14683288,27
16590,The Lancet,10.28,2700,General Medicine,Quartile1,Top 10%,1406736,1474547X,27
21706,Annual Review of Genetics,10.11,1311,Genetics,Quartile1,Top 10%,664197,15452948,13
12354,The Lancet Oncology,10.07,2730,Oncology,Quartile1,Top 10%,14702045,14745488,27
21100196101,Annual review of food science and technology,9.97,1106,Food Science,Quartile1,Top 10%,19411413,19411421,11
26927,International Reviews in Physical Chemistry,9.93,1606,Physical and Theoretical Chemistry,Quartile1,Top 10%,0144235X,1366591X,16
4900152301,Comprehensive Reviews in Food Science and Food Safety,9.78,1106,Food Science,Quartile1,Top 10%,15414337,,11
21100284918,Earth System Science Data,9.74,1900,General Earth and Planetary Sciences,Quartile1,Top 10%,18663508,18663516,19
26055,IEEE Transactions on Power Electronics,9.72,2208,Electrical and Electronic Engineering,Quartile1,Top 10%,8858993,,22
17600155041,Nature Geoscience,9.67,1900,General Earth and Planetary Sciences,Quartile1,Top 10%,17520894,17520908,19
17809,Trends in Plant Science,9.62,1110,Plant Science,Quartile1,Top 10%,13601385,,11
22580,Earth-Science Reviews,9.54,1900,General Earth and Planetary Sciences,Quartile1,Top 10%,128252,,19
14365,Trends in Ecology and Evolution,9.53,1105,"Ecology, Evolution, Behavior and Systematics",Quartile1,Top 10%,1695347,,11
14599,Ecology Letters,9.51,1105,"Ecology, Evolution, Behavior and Systematics",Quartile1,Top 10%,1461023X,14610248,11
19400156815,Annual Review of Analytical Chemistry,9.34,1602,Analytical Chemistry,Quartile1,Top 10%,19361327,19361335,16
25297,Journal of Hepatology,9.32,2721,Hepatology,Quartile1,Top 10%,1688278,16000641,27
19700182323,Perspectives on Psychological Science,9.32,3200,General Psychology,Quartile1,Top 10%,17456916,17456924,32
18503,Current Opinion in Cell Biology,9.21,1307,Cell Biology,Quartile1,Top 10%,9550674,,13
144840,PLoS Medicine,9.12,2700,General Medicine,Quartile1,Top 10%,15491277,15491676,27
19700200838,Chemical Science,8.96,1600,General Chemistry,Quartile1,Top 10%,20416520,20416539,16
16860,The Lancet Neurology,8.81,2728,Clinical Neurology,Quartile1,Top 10%,14744422,,27
13564,Educational Psychologist,8.78,3204,Developmental and Educational Psychology,Quartile1,Top 10%,461520,15326985,32
19700171101,ACS applied materials & interfaces,8.69,2500,General Materials Science,Quartile1,Top 10%,19448244,19448252,25
29150,Physical Review Letters,8.64,3100,General Physics and Astronomy,Quartile1,Top 10%,319007,10797114,31
20912,Environmental International,8.58,2300,General Environmental Science,Quartile1,Top 10%,1604120,,23
21121,Proceedings of the National Academy of Sciences of the United States of America,8.58,1000,Multidisciplinary,Quartile1,Top 10%,278424,10916490,10
28980,Journal of Economic Perspectives,8.52,2002,Economics and Econometrics,Quartile1,Top 10%,8953309,,20
64345,Ecological Monographs,8.5,1105,"Ecology, Evolution, Behavior and Systematics",Quartile1,Top 10%,129615,,11
19049,Trends in Genetics,8.34,1311,Genetics,Quartile1,Top 10%,1689525,,13
15163,Applied Mechanics Reviews,8.23,2210,Industrial and Manufacturing Engineering,Quartile1,Top 10%,36900,10888535,22
22990,Journal of Retailing,8.12,1406,Marketing,Quartile1,Top 10%,224359,,14
23183,European Heart Journal,8.07,2705,Cardiology and Cardiovascular Medicine,Quartile1,Top 10%,0195668X,15229645,27
17700156734,Nature Reviews Clinical Oncology,8.04,2730,Oncology,Quartile1,Top 10%,17594774,17594782,27
4700152248,Educational Research Review,7.99,3304,Education,Quartile1,Top 10%,1747938X,,33
15378,Current Opinion in Solid State and Materials Science,7.94,2500,General Materials Science,Quartile1,Top 10%,13590286,,25
12442,Progress in Human Geography,7.84,3305,"Geography, Planning and Development",Quartile1,Top 10%,3091325,14770288,33
23010,Journal of Controlled Release,7.82,3003,Pharmaceutical Science,Quartile1,Top 10%,1683659,,30
17924,Current Opinion in Plant Biology,7.78,1110,Plant Science,Quartile1,Top 10%,13695266,,11
14317,Brain,7.52,2728,Clinical Neurology,Quartile1,Top 10%,68950,14602156,27
130050,Ocular Surface,7.32,2731,Ophthalmology,Quartile1,Top 10%,15420124,,27
23188,European Journal of Heart Failure,7.31,2705,Cardiology and Cardiovascular Medicine,Quartile1,Top 10%,13889842,,27
28978,Journal of Economic Growth,7.27,2002,Economics and Econometrics,Quartile1,Top 10%,13814338,15737020,20
14278,Educational Psychology Review,7.2,3204,Developmental and Educational Psychology,Quartile1,Top 10%,1040726X,1573336X,32
19988,Persoonia: Molecular Phylogeny and Evolution of Fungi,7.2,1105,"Ecology, Evolution, Behavior and Systematics",Quartile1,Top 10%,315850,,11
19370,Journal of the American Society of Nephrology : JASN,7.19,2727,Nephrology,Quartile1,Top 10%,10466673,15333450,27
19700173215,Nanoscale,7.17,2500,General Materials Science,Quartile1,Top 10%,20403364,,25
12074,Bulletin of the American Meteorological Society,7.15,1902,Atmospheric Science,Quartile1,Top 10%,30007,15200477,19
14621,Annual Review of Nuclear and Particle Science,7.11,3106,Nuclear and High Energy Physics,Quartile1,Top 10%,1638998,,31
16929,American Sociological Review,7.06,3312,Sociology and Political Science,Quartile1,Top 10%,31224,,33
19897,European Urology,7.06,2748,Urology,Quartile1,Top 10%,3022838,1421993X,27
13467,Psychological Review,7.05,3200,General Psychology,Quartile1,Top 10%,0033295X,,32
13140,Epidemiologic Reviews,6.95,2713,Epidemiology,Quartile1,Top 10%,0193936X,14786729,27
28371,Hepatology,6.87,2721,Hepatology,Quartile1,Top 10%,2709139,15273350,27
15388,Journal of Applied Psychology,6.86,3202,Applied Psychology,Quartile1,Top 10%,219010,,32
22647,Gondwana Research,6.83,1907,Geology,Quartile1,Top 10%,1342937X,,19
18711,IEEE Transactions on Software Engineering,6.78,1712,Software,Quartile1,Top 10%,985589,,17
17194,Investigative Radiology,6.73,2741,Radiology Nuclear Medicine and imaging,Quartile1,Top 10%,209996,,27
18931,IEEE Transactions on Communications,6.7,2208,Electrical and Electronic Engineering,Quartile1,Top 10%,906778,,22
15111,Progress in Planning,6.68,3305,"Geography, Planning and Development",Quartile1,Top 10%,3059006,,33
21100416121,Nature Plants,6.65,1110,Plant Science,Quartile1,Top 10%,2055026X,,11
21341,California Management Review,6.62,1408,Strategy and Management,Quartile1,Top 10%,81256,,14
19353,Schizophrenia Bulletin,6.6,2738,Psychiatry and Mental health,Quartile1,Top 10%,5867614,,27
24404,Journal of Political Economy,6.56,2002,Economics and Econometrics,Quartile1,Top 10%,223808,1537534X,20
22471,The Lancet Infectious Diseases,6.53,2725,Infectious Diseases,Quartile1,Top 10%,14733099,,27
22401,Journal of the American College of Cardiology,6.43,2705,Cardiology and Cardiovascular Medicine,Quartile1,Top 10%,7351097,,27
23915,Analytical Chemistry,6.38,1602,Analytical Chemistry,Quartile1,Top 10%,32700,15206882,16
19700168304,Journal of Advanced Research,6.37,1000,Multidisciplinary,Quartile1,Top 10%,20901232,,10
20741,Clinical Reviews in Allergy and Immunology,6.35,2723,Immunology and Allergy,Quartile1,Top 10%,10800549,,27
19700186849,International Journal of Ambient Computing and Intelligence,6.35,1712,Software,Quartile1,Top 10%,19416237,19416245,17
19600157019,IEEE Reviews in Biomedical Engineering,6.32,2204,Biomedical Engineering,Quartile1,Top 10%,19373333,,22
18136,Applied Soft Computing Journal,6.27,1712,Software,Quartile1,Top 10%,15684946,,17
17800156710,Nature reviews. Rheumatology,6.26,2745,Rheumatology,Quartile1,Top 10%,17594790,17594804,27
20552,Progress in Cardiovascular Diseases,6.21,2705,Cardiology and Cardiovascular Medicine,Quartile1,Top 10%,330620,15328643,27
18555,Journal of Cell Biology,6.19,1307,Cell Biology,Quartile1,Top 10%,219525,,13
19900191767,American Economic Journal: Applied Economics,6.16,2000,"General Economics, Econometrics and Finance",Quartile1,Top 10%,19457782,19457790,20
12091,Atmospheric Chemistry and Physics,6.13,1902,Atmospheric Science,Quartile1,Top 10%,16807316,16807324,19
19082,Modern Pathology,6.13,2734,Pathology and Forensic Medicine,Quartile1,Top 10%,8933952,15300285,27
20084,British Journal of Pharmacology,6.12,3004,Pharmacology,Quartile1,Top 10%,71188,,30
4700152794,Foundations and Trends in Networking,6.11,1705,Computer Networks and Communications,Quartile1,Top 10%,1554057X,15540588,17
28918,IEEE Transactions on Dependable and Secure Computing,6.09,2208,Electrical and Electronic Engineering,Quartile1,Top 10%,15455971,,22
13468,Psychological Science,6.07,3200,General Psychology,Quartile1,Top 10%,9567976,14679280,32
13477,Current Directions in Psychological Science,6.04,3200,General Psychology,Quartile1,Top 10%,9637214,14678721,32
17664,American Journal of Psychiatry,6.03,2738,Psychiatry and Mental health,Quartile1,Top 10%,0002953X,,27
14434,Cladistics,5.97,1105,"Ecology, Evolution, Behavior and Systematics",Quartile1,Top 10%,7483007,10960031,11
24309,International Journal of Neural Systems,5.95,1705,Computer Networks and Communications,Quartile1,Top 10%,1290657,,17
36753,Critical Reviews in Plant Sciences,5.92,1110,Plant Science,Quartile1,Top 10%,7352689,15497836,11
23644,Supply Chain Management,5.91,1408,Strategy and Management,Quartile1,Top 10%,13598546,,14
17864,Radiology,5.83,2741,Radiology Nuclear Medicine and imaging,Quartile1,Top 10%,338419,15271315,27
29864,La Rivista del Nuovo Cimento,5.83,3100,General Physics and Astronomy,Quartile1,Top 10%,0393697X,,31
22792,Industrial Marketing Management,5.79,1406,Marketing,Quartile1,Top 10%,198501,,14
27165,Journal of Economic Literature,5.79,2002,Economics and Econometrics,Quartile1,Top 10%,220515,23288175,20
18650,Empirical Software Engineering,5.61,1712,Software,Quartile1,Top 10%,13823256,15737616,17
20276,Ecography,5.61,1105,"Ecology, Evolution, Behavior and Systematics",Quartile1,Top 10%,9067590,,11
15991,Journal of Pathology,5.59,2734,Pathology and Forensic Medicine,Quartile1,Top 10%,223417,10969896,27
9500154109,Journal of Crohn's and Colitis,5.55,2715,Gastroenterology,Quartile1,Top 10%,18739946,,27
28552,International Small Business Journal,5.48,1403,Business and International Management,Quartile1,Top 10%,2662426,,14
22697,American Economic Review,5.46,2002,Economics and Econometrics,Quartile1,Top 10%,28282,,20
19700200701,Annual Review of Economics,5.44,2002,Economics and Econometrics,Quartile1,Top 10%,19411383,,20
18300156710,European Review of Social Psychology,5.4,3207,Social Psychology,Quartile1,Top 10%,10463283,,32
16676,European Journal of Nuclear Medicine and Molecular Imaging,5.36,2741,Radiology Nuclear Medicine and imaging,Quartile1,Top 10%,16197070,16197089,27
144861,Journal of Industrial and Engineering Chemistry,5.36,1500,General Chemical Engineering,Quartile1,Top 10%,1226086X,,15
18002,Functional Ecology,5.35,1105,"Ecology, Evolution, Behavior and Systematics",Quartile1,Top 10%,2698463,13652435,11
20550,Journal of Business Research,5.32,1406,Marketing,Quartile1,Top 10%,1482963,,14
26656,Journal of Internal Medicine,5.32,2724,Internal Medicine,Quartile1,Top 10%,9546820,13652796,27
13213,European Journal of Epidemiology,5.31,2713,Epidemiology,Quartile1,Top 10%,3932990,15737284,27
13444,Journal of the Meteorological Society of Japan,5.31,1902,Atmospheric Science,Quartile1,Top 10%,261165,,19
13550,Journal of Climate,5.28,1902,Atmospheric Science,Quartile1,Top 10%,8948755,15200442,19
24661,Critical Reviews in Toxicology,5.28,3005,Toxicology,Quartile1,Top 10%,10408444,15476898,30
5800194481,Educational Researcher,5.28,3304,Education,Quartile1,Top 10%,0013189X,,33
14750,International Journal of Epidemiology,5.27,2713,Epidemiology,Quartile1,Top 10%,3005771,,27
16352,International Journal of Rock Mechanics and Minings Sciences,5.27,1909,Geotechnical Engineering and Engineering Geology,Quartile1,Top 10%,13651609,,19
21169,Pharmacological Research,5.27,3004,Pharmacology,Quartile1,Top 10%,10436618,10961186,30
23741,Hypertension,5.22,2724,Internal Medicine,Quartile1,Top 10%,0194911X,,27
19482,Econometrica,5.18,2002,Economics and Econometrics,Quartile1,Top 10%,129682,14680262,20
16926,American Journal of Sociology,5.17,3312,Sociology and Political Science,Quartile1,Top 10%,29602,15375390,33
84948,Expert Opinion on Drug Delivery,5.13,3003,Pharmaceutical Science,Quartile1,Top 10%,17425247,,30
17700156509,Nature Reviews Cardiology,5.11,2705,Cardiology and Cardiovascular Medicine,Quartile1,Top 10%,17595002,17595010,27
17230,Journal of Nuclear Medicine,5.06,2741,Radiology Nuclear Medicine and imaging,Quartile1,Top 10%,1615505,,27
20996,British Journal of Surgery,5.06,2746,Surgery,Quartile1,Top 10%,71323,13652168,27
25684,Journal of Dental Research,5.04,3500,General Dentistry,Quartile1,Top 10%,220345,,35
29914,Critical Care,5.02,2706,Critical Care and Intensive Care Medicine,Quartile1,Top 10%,13648535,1466609X,27
15756,Pediatrics,5,2735,"Pediatrics, Perinatology, and Child Health",Quartile1,Top 10%,314005,,27
25697,Journal of Pest Science,4.97,1102,Agronomy and Crop Science,Quartile1,Top 10%,16124758,16124766,11
21100203121,Clinical and Translational Gastroenterology,4.97,2715,Gastroenterology,Quartile1,Top 10%,2155384X,,27
14265,Reviews in Chemical Engineering,4.96,1500,General Chemical Engineering,Quartile1,Top 10%,1678299,21910235,15
19700201154,Therapeutic Advances in Chronic Disease,4.95,2701,Medicine (miscellaneous),Quartile1,Top 10%,20406223,20406231,27
144742,International Journal of Contemporary Hospitality Management,4.92,1409,"Tourism, Leisure and Hospitality Management",Quartile1,Top 10%,9596119,,14
17700156202,Nature Reviews Nephrology,4.92,2727,Nephrology,Quartile1,Top 10%,17595061,1759507X,27
20485,Annals of Surgery,4.91,2746,Surgery,Quartile1,Top 10%,34932,15281140,27
21239,Drugs,4.91,2736,Pharmacology (medical),Quartile1,Top 10%,126667,,27
50089,Journal of Hydrology,4.9,2312,Water Science and Technology,Quartile1,Top 10%,221694,,23
86430,Remote Sensing,4.89,1900,General Earth and Planetary Sciences,Quartile1,Top 10%,20724292,,19
19700183014,Egyptian Journal of Remote Sensing and Space Science,4.89,1900,General Earth and Planetary Sciences,Quartile1,Top 10%,11109823,,19
21100377744,International Journal of Lean Six Sigma,4.89,1803,Management Science and Operations Research,Quartile1,Top 10%,20404174,,18
19700186873,Foundations and Trends in Databases,4.83,1700,General Computer Science,Quartile1,Top 10%,19317883,,17
18458,European Respiratory Journal,4.82,2740,Pulmonary and Respiratory Medicine,Quartile1,Top 10%,9031936,13993003,27
19900191885,American Economic Journal: Macroeconomics,4.81,2000,"General Economics, Econometrics and Finance",Quartile1,Top 10%,19457707,19457715,20
28520,Journal of High Energy Physics,4.79,3106,Nuclear and High Energy Physics,Quartile1,Top 10%,11266708,10298479,31
18854,Water Resources Research,4.73,2312,Water Science and Technology,Quartile1,Top 10%,431397,,23
25295,Journal of Gastroenterology,4.73,2715,Gastroenterology,Quartile1,Top 10%,9441174,,27
17900156719,International Review of Sport and Exercise Psychology,4.71,3202,Applied Psychology,Quartile1,Top 10%,1750984X,17509858,32
24202,Review of Economic Studies,4.7,2002,Economics and Econometrics,Quartile1,Top 10%,346527,1467937X,20
26959,Geology,4.66,1907,Geology,Quartile1,Top 10%,917613,,19
19104,Thorax,4.63,2740,Pulmonary and Respiratory Medicine,Quartile1,Top 10%,406376,14683296,27
19900191884,American Economic Journal: Economic Policy,4.63,2000,"General Economics, Econometrics and Finance",Quartile1,Top 10%,19457731,1945774X,20
23648,Health Technology Assessment,4.61,2719,Health Policy,Quartile1,Top 10%,13665278,,27
15011,Current Psychiatry Reports,4.59,2738,Psychiatry and Mental health,Quartile1,Top 10%,15233812,15351645,27
23271,International Journal of Life Cycle Assessment,4.58,2300,General Environmental Science,Quartile1,Top 10%,9483349,,23
25870,Geochimica et Cosmochimica Acta,4.58,1906,Geochemistry and Petrology,Quartile1,Top 10%,167037,0046564X,19
32791,Industrial Crops and Products,4.58,1102,Agronomy and Crop Science,Quartile1,Top 10%,9266690,,11
19700188360,Pharmaceutics,4.58,3003,Pharmaceutical Science,Quartile1,Top 10%,19994923,,30
25896,Journal of Organic Chemistry,4.57,1605,Organic Chemistry,Quartile1,Top 10%,223263,15206904,16
144790,Marine Drugs,4.57,3002,Drug Discovery,Quartile1,Top 10%,16603397,,30
21466,International Journal of Hygiene and Environmental Health,4.56,2739,"Public Health, Environmental and Occupational Health",Quartile1,Top 10%,14384639,,27
30022,Journal of Personality,4.56,3207,Social Psychology,Quartile1,Top 10%,223506,14676494,32
6800153101,Expert Opinion on Drug Discovery,4.56,3002,Drug Discovery,Quartile1,Top 10%,17460441,1746045X,30
39112,Geoderma,4.55,1111,Soil Science,Quartile1,Top 10%,167061,,11
14356,Environment and Behavior,4.54,2300,General Environmental Science,Quartile1,Top 10%,139165,,23
13312,Journal of Urban Technology,4.53,3322,Urban Studies,Quartile1,Top 10%,10630732,14661853,33
29425,Harvard Educational Review,4.53,3304,Education,Quartile1,Top 10%,178055,,33
145210,Landslides,4.53,1909,Geotechnical Engineering and Engineering Geology,Quartile1,Top 10%,1612510X,16125118,19
20385,Journal of Research in Crime and Delinquency,4.49,3207,Social Psychology,Quartile1,Top 10%,224278,,32
19992,Kidney International,4.48,2727,Nephrology,Quartile1,Top 10%,852538,15231755,27
13930,Journal of Planning Literature,4.47,3305,"Geography, Planning and Development",Quartile1,Top 10%,8854122,,33
19600166327,Food Engineering Reviews,4.47,2209,Industrial and Manufacturing Engineering,Quartile1,Top 10%,18667910,18667929,22
21100313905,Frontiers in Plant Science,4.47,1110,Plant Science,Quartile1,Top 10%,1664462X,,11
29539,Journal of Hydrometeorology,4.45,1902,Atmospheric Science,Quartile1,Top 10%,1525755X,15257541,19
15422,Work and Stress,4.44,3202,Applied Psychology,Quartile1,Top 10%,2678373,14645335,32
19900192023,Earth System Dynamics,4.44,1900,General Earth and Planetary Sciences,Quartile1,Top 10%,21904979,21904987,19
14254,Autism,4.42,3204,Developmental and Educational Psychology,Quartile1,Top 10%,13623613,,32
19700180533,International journal of oral science,4.41,3500,General Dentistry,Quartile1,Top 10%,16742818,,35
22454,International Journal of Pharmaceutics,4.35,3003,Pharmaceutical Science,Quartile1,Top 10%,3785173,,30
13354,Journal of Teacher Education,4.34,3304,Education,Quartile1,Top 10%,224871,,33
13447,Comparative Political Studies,4.33,3312,Sociology and Political Science,Quartile1,Top 10%,104140,,33
13760,Habitat International,4.33,3322,Urban Studies,Quartile1,Top 10%,1973975,,33
19726,Educational Evaluation and Policy Analysis,4.32,3304,Education,Quartile1,Top 10%,1623737,,33
28137,International Journal of Nursing Studies,4.32,2900,General Nursing,Quartile1,Top 10%,207489,,29
18476,European Respiratory Review,4.31,2740,Pulmonary and Respiratory Medicine,Quartile1,Top 10%,9059180,16000617,27
23621,Journal of Research in Science Teaching,4.31,3304,Education,Quartile1,Top 10%,224308,10982736,33
13768,BioScience,4.3,1100,General Agricultural and Biological Sciences,Quartile1,Top 10%,63568,,11
13907,AEJ - Alexandria Engineering Journal,4.29,2200,General Engineering,Quartile1,Top 10%,11100168,,22
130146,Journal of Experimental Criminology,4.26,3308,Law,Quartile1,Top 10%,15733750,,33
25155,Catena,4.25,1904,Earth-Surface Processes,Quartile1,Top 10%,3418162,,19
16711,Annals of Botany,4.24,1110,Plant Science,Quartile1,Top 10%,3057364,10958290,11
19700182749,Geoscience Frontiers,4.24,1900,General Earth and Planetary Sciences,Quartile1,Top 10%,16749871,,19
26499,Bulletin of the Geological Society of America,4.23,1907,Geology,Quartile1,Top 10%,167606,,19
30078,American Journal of Obstetrics and Gynecology,4.22,2729,Obstetrics and Gynaecology,Quartile1,Top 10%,29378,10976868,27
4700152724,Metacognition and Learning,4.21,3304,Education,Quartile1,Top 10%,15561623,15561631,33
14994,Current Opinion in Psychiatry,4.2,2738,Psychiatry and Mental health,Quartile1,Top 10%,9517367,,27
26574,Annals of Internal Medicine,4.2,2724,Internal Medicine,Quartile1,Top 10%,34819,15393704,27
14639,Ophthalmology,4.19,2731,Ophthalmology,Quartile1,Top 10%,1616420,15494713,27
14719,Intensive Care Medicine,4.19,2706,Critical Care and Intensive Care Medicine,Quartile1,Top 10%,3424642,,27
7500153126,Journal of the European Economic Association,4.19,2000,"General Economics, Econometrics and Finance",Quartile1,Top 10%,15424766,15424774,20
23180,Food Research International,4.18,1106,Food Science,Quartile1,Top 10%,9639969,,11
19800188032,MIS Quarterly Executive,4.18,2002,Economics and Econometrics,Quartile1,Top 10%,15401960,15401979,20
20744,LWT - Food Science and Technology,4.17,1106,Food Science,Quartile1,Top 10%,236438,10961127,11
144827,GPS Solutions,4.15,1900,General Earth and Planetary Sciences,Quartile1,Top 10%,10805370,,19
29432,American Educational Research Journal,4.14,3304,Education,Quartile1,Top 10%,28312,,33
20586,Journal of Food Engineering,4.12,1106,Food Science,Quartile1,Top 10%,2608774,,11
19877,Journal of Democracy,4.11,3312,Sociology and Political Science,Quartile1,Top 10%,10455736,10863214,33
25810,Cellulose,4.11,2507,Polymers and Plastics,Quartile1,Top 10%,9690239,,25
25686,Journal of Dentistry,4.1,3500,General Dentistry,Quartile1,Top 10%,3005712,1879176X,35
23988,British Journal of Educational Technology,4.07,3304,Education,Quartile1,Top 10%,71013,14678535,33
25954,Haematologica,4.07,2720,Hematology,Quartile1,Top 10%,3906078,15928721,27
29492,American Psychologist,4.06,3200,General Psychology,Quartile1,Top 10%,0003066X,,32
16484,Palliative Medicine,4.03,2703,Anesthesiology and Pain Medicine,Quartile1,Top 10%,2692163,1477030X,27
16794,BMC Plant Biology,4.03,1110,Plant Science,Quartile1,Top 10%,14712229,,11
18437,European Journal of Political Research,4,3312,Sociology and Political Science,Quartile1,Top 10%,3044130,14756765,33
19627,Advances in Water Resources,4,2312,Water Science and Technology,Quartile1,Top 10%,3091708,,23
25691,West European Politics,3.99,3320,Political Science and International Relations,Quartile1,Top 10%,1402382,,33
21100403241,Research Synthesis Methods,3.98,3304,Education,Quartile1,Top 10%,,17592887,33
3900148209,International Journal of Clinical and Health Psychology,3.94,3203,Clinical Psychology,Quartile1,Top 10%,16972600,,32
19366,American Journal of Kidney Diseases,3.93,2727,Nephrology,Quartile1,Top 10%,2726386,15236838,27
16232,British Journal of Political Science,3.92,3312,Sociology and Political Science,Quartile1,Top 10%,71234,14692112,33
20640,Thrombosis and Haemostasis,3.9,2720,Hematology,Quartile1,Top 10%,3406245,,27
26979,Geomorphology,3.88,1904,Earth-Surface Processes,Quartile1,Top 10%,0169555X,,19
28795,GIScience and Remote Sensing,3.87,1900,General Earth and Planetary Sciences,Quartile1,Top 10%,15481603,,19
29482,"Physics Letters, Section B: Nuclear, Elementary Particle and High-Energy Physics",3.86,3106,Nuclear and High Energy Physics,Quartile1,Top 10%,3702693,,31
24246,American Journal of Clinical Dermatology,3.85,2708,Dermatology,Quartile1,Top 10%,11750561,,27
19700174916,Therapeutic Advances in Gastroenterology,3.85,2715,Gastroenterology,Quartile1,Top 10%,1756283X,17562848,27
12213,ACM Transactions on Computer Systems,3.84,1700,General Computer Science,Quartile1,Top 10%,7342071,,17
17058,Nicotine and Tobacco Research,3.83,2739,"Public Health, Environmental and Occupational Health",Quartile1,Top 10%,14622203,1469994X,27
24408,Clinical Oral Implants Research,3.83,3504,Oral Surgery,Quartile1,Top 10%,9057161,16000501,35
5800173377,ACM Transactions on Knowledge Discovery from Data,3.82,1700,General Computer Science,Quartile1,Top 10%,15564681,,17
24353,Journal of Economic Surveys,3.81,2002,Economics and Econometrics,Quartile1,Top 10%,9500804,14676419,20
12107,Behavior Therapy,3.79,3203,Clinical Psychology,Quartile1,Top 10%,57894,,32
145707,Technological and Economic Development of Economy,3.76,2003,Finance,Quartile1,Top 10%,20294913,20294921,20
4400151522,Planning Theory,3.76,3305,"Geography, Planning and Development",Quartile1,Top 10%,14730952,,33
12811,Personality and Social Psychology Bulletin,3.74,3207,Social Psychology,Quartile1,Top 10%,1461672,,32
28214,Seminars in Fetal and Neonatal Medicine,3.74,2735,"Pediatrics, Perinatology, and Child Health",Quartile1,Top 10%,1744165X,,27
15112,Freshwater Biology,3.72,1104,Aquatic Science,Quartile1,Top 10%,465070,13652427,11
19700201158,Studies in Science Education,3.72,3304,Education,Quartile1,Top 10%,3057267,19408412,33
12507,Aerospace Science and Technology,3.7,2202,Aerospace Engineering,Quartile1,Top 10%,12709638,,22
20833,Health Affairs,3.69,2719,Health Policy,Quartile1,Top 10%,2782715,,27
22017,Basin Research,3.69,1907,Geology,Quartile1,Top 10%,0950091X,13652117,19
25688,Journal of Endodontics,3.69,3500,General Dentistry,Quartile1,Top 10%,992399,,35
20107,Survey of Ophthalmology,3.68,2731,Ophthalmology,Quartile1,Top 10%,396257,,27
22111,Journal of Autism and Developmental Disorders,3.68,3204,Developmental and Educational Psychology,Quartile1,Top 10%,1623257,,32
19900191609,Journal of Operational Oceanography,3.66,1910,Oceanography,Quartile1,Top 10%,1755876X,,19
29047,New Journal of Physics,3.65,3100,General Physics and Astronomy,Quartile1,Top 10%,13672630,,31
78019,American Ethnologist,3.63,3314,Anthropology,Quartile1,Top 10%,940496,,33
24419,Journal of Glaciology,3.62,1904,Earth-Surface Processes,Quartile1,Top 10%,221430,,19
13093,Quarterly Review of Biology,3.61,1100,General Agricultural and Biological Sciences,Quartile1,Top 10%,335770,15397718,11
20323,Journal of Education Policy,3.6,3304,Education,Quartile1,Top 10%,2680939,14645106,33
27030,Applied Physics Letters,3.58,3101,Physics and Astronomy (miscellaneous),Quartile1,Top 10%,36951,10773118,31
25610,International Endodontic Journal,3.57,3500,General Dentistry,Quartile1,Top 10%,1432885,13652591,35
14427,European Sociological Review,3.56,3312,Sociology and Political Science,Quartile1,Top 10%,2667215,14682672,33
20333,Journal of Politics,3.53,3312,Sociology and Political Science,Quartile1,Top 10%,223816,14682508,33
12868,Cognitive Behaviour Therapy,3.5,3203,Clinical Psychology,Quartile1,Top 10%,16506073,16512316,32
17712,Qualitative Health Research,3.48,2739,"Public Health, Environmental and Occupational Health",Quartile1,Top 10%,10497323,,27
12191,Journal of Arthroplasty,3.44,2732,Orthopedics and Sports Medicine,Quartile1,Top 10%,8835403,15328406,27
29419,Aquaculture,3.42,1104,Aquatic Science,Quartile1,Top 10%,448486,,11
18134,American Journal of Chinese Medicine,3.41,2707,Complementary and alternative medicine,Quartile1,Top 10%,0192415X,,27
86245,Precision Agriculture,3.41,1100,General Agricultural and Biological Sciences,Quartile1,Top 10%,13852256,15731618,11
17785,Medical Care,3.4,2739,"Public Health, Environmental and Occupational Health",Quartile1,Top 10%,257079,15371948,27
13790,Precision Engineering,3.36,2200,General Engineering,Quartile1,Top 10%,1416359,,22
25150,Applied and Computational Harmonic Analysis,3.36,2604,Applied Mathematics,Quartile1,Top 10%,10635203,1096603X,26
13266,American Journal of Ophthalmology,3.27,2731,Ophthalmology,Quartile1,Top 10%,29394,,27
19393,BJU International,3.27,2748,Urology,Quartile1,Top 10%,14644096,1464410X,27
23366,Reviews in Fish Biology and Fisheries,3.27,1104,Aquatic Science,Quartile1,Top 10%,9603166,15735184,11
17792,Medical Decision Making,3.26,2719,Health Policy,Quartile1,Top 10%,0272989X,,27
28089,Obstetrics and Gynecology,3.26,2729,Obstetrics and Gynaecology,Quartile1,Top 10%,297844,,27
24337,Dermatologic Clinics,3.24,2708,Dermatology,Quartile1,Top 10%,7338635,,27
25184,Applied Mathematics Letters,3.23,2604,Applied Mathematics,Quartile1,Top 10%,8939659,,26
26365,Demography,3.23,3317,Demography,Quartile1,Top 10%,703370,15337790,33
5700169428,Nous,3.22,1211,Philosophy,Quartile1,Top 10%,294624,14680068,12
15222,Arthroscopy - Journal of Arthroscopic and Related Surgery,3.19,2732,Orthopedics and Sports Medicine,Quartile1,Top 10%,7498063,15263231,27
19400158383,Saudi Journal of Biological Sciences,3.19,1100,General Agricultural and Biological Sciences,Quartile1,Top 10%,1319562X,,11
19196,Surgical Endoscopy and Other Interventional Techniques,3.18,2746,Surgery,Quartile1,Top 10%,9302794,14322218,27
12595,Breast,3.15,2746,Surgery,Quartile1,Top 10%,9609776,,27
144820,Journal of Happiness Studies,3.14,3301,Social Sciences (miscellaneous),Quartile1,Top 10%,13894978,,33
21846,Anesthesiology,3.13,2703,Anesthesiology and Pain Medicine,Quartile1,Top 10%,33022,15281175,27
23262,Inventiones Mathematicae,3.11,2600,General Mathematics,Quartile1,Top 10%,209910,14321297,26
14929,Global Networks,3.09,3300,General Social Sciences,Quartile1,Top 10%,14702266,14710374,33
12239,Journal of Orthopaedic Research,3.07,2732,Orthopedics and Sports Medicine,Quartile1,Top 10%,7360266,,27
12551,Best Practice and Research in Clinical Obstetrics and Gynaecology,3.03,2729,Obstetrics and Gynaecology,Quartile1,Top 10%,15216934,,27
13222,European Journal of Pain,3.03,2703,Anesthesiology and Pain Medicine,Quartile1,Top 10%,10903801,,27
19794,Entomologia Generalis,3.02,1109,Insect Science,Quartile1,Top 10%,1718177,,11
24527,Acta Mathematica,3,2600,General Mathematics,Quartile1,Top 10%,15962,,26
26107,The Philosophical Review,3,1211,Philosophy,Quartile1,Top 10%,318108,,12
4700151740,Journal of Broadcasting and Electronic Media,3,3315,Communication,Quartile1,Top 10%,8838151,15506878,33
28237,Journal of Nursing Scholarship,2.97,2900,General Nursing,Quartile1,Top 10%,15276546,15475069,29
10600153309,PLoS ONE,2.97,1000,Multidisciplinary,Quartile1,Top 10%,19326203,,10
24245,Journal of the American Academy of Dermatology,2.93,2708,Dermatology,Quartile1,Top 10%,1909622,10976787,27
28751,Critical Social Policy,2.93,3320,Political Science and International Relations,Quartile1,Top 10%,2610183,,33
13821,Current Opinion in Ophthalmology,2.91,2731,Ophthalmology,Quartile1,Top 10%,10408738,15317021,27
27204,International Journal of Social Research Methodology: Theory and Practice,2.91,3300,General Social Sciences,Quartile1,Top 10%,13645579,14645300,33
13279,European Planning Studies,2.9,3305,"Geography, Planning and Development",Quartile1,Top 10%,9654313,14695944,33
14360,Rhinology,2.88,2733,Otorhinolaryngology,Quartile1,Top 10%,3000729,,27
15754,Pediatric Research,2.86,2735,"Pediatrics, Perinatology, and Child Health",Quartile1,Top 10%,313998,15300447,27
21948,Regional Anesthesia and Pain Medicine,2.84,2703,Anesthesiology and Pain Medicine,Quartile1,Top 10%,10987339,,27
4400151715,Stata Journal,2.82,2601,Mathematics (miscellaneous),Quartile1,Top 10%,1536867X,,26
19700174902,"Clinical, Cosmetic and Investigational Dermatology",2.82,2708,Dermatology,Quartile1,Top 10%,11787015,,27
19700190349,Communication Methods and Measures,2.76,3315,Communication,Quartile1,Top 10%,19312458,19312466,33
20687,Journalism and Mass Communication Quarterly,2.74,3315,Communication,Quartile1,Top 10%,10776990,,33
62303,Animal Feed Science and Technology,2.74,1103,Animal Science and Zoology,Quartile1,Top 10%,3778401,,11
11700154368,Publications Mathematiques de l'Institut des Hautes Etudes Scientifiques,2.74,2600,General Mathematics,Quartile1,Top 10%,738301,,26
19700187607,Journalism Studies,2.74,3315,Communication,Quartile1,Top 10%,1461670X,14699699,33
26175,Journal of Prosthetic Dentistry,2.72,3504,Oral Surgery,Quartile1,Top 10%,223913,10976841,35
34441,BMC Complementary and Alternative Medicine,2.69,2707,Complementary and alternative medicine,Quartile1,Top 10%,14726882,,27
28097,BMC Family Practice,2.68,2714,Family Practice,Quartile1,Top 10%,14712296,,27
28186,Journal of Advanced Nursing,2.66,2900,General Nursing,Quartile1,Top 10%,3092402,13652648,29
27050,Australian Journal of Grape and Wine Research,2.62,1108,Horticulture,Quartile1,Top 10%,13227130,,11
11000153737,Head and Neck,2.6,2733,Otorhinolaryngology,Quartile1,Top 10%,10433074,10970347,27
16700154702,Veterinary and Comparative Oncology,2.57,3400,General Veterinary,Quartile1,Top 10%,14765829,,34
19137,Apidologie,2.56,1109,Insect Science,Quartile1,Top 10%,448435,12979678,11
30088,Journal of Social Issues,2.56,3300,General Social Sciences,Quartile1,Top 10%,224537,15404560,33
26751,Scientia Horticulturae,2.54,1108,Horticulture,Quartile1,Top 10%,3044238,,11
19020,"Plant Cell, Tissue and Organ Culture",2.53,1108,Horticulture,Quartile1,Top 10%,1676857,15735044,11
14912,International Journal of Transgenderism,2.47,3318,Gender Studies,Quartile1,Top 10%,14344599,,33
25936,Duke Mathematical Journal,2.47,2600,General Mathematics,Quartile1,Top 10%,127094,,26
5600157637,European Journal of Criminology,2.47,3308,Law,Quartile1,Top 10%,14773708,,33
17600155124,Current Zoology,2.47,1103,Animal Science and Zoology,Quartile1,Top 10%,16745507,,11
27479,Annals of Family Medicine,2.44,2714,Family Practice,Quartile1,Top 10%,15441709,15441717,27
6400153126,Theoretical Economics,2.41,2000,"General Economics, Econometrics and Finance",Quartile1,Top 10%,15557561,,20
26419,SIAM Journal on Matrix Analysis and Applications,2.4,2603,Analysis,Quartile1,Top 10%,8954798,10957162,26
17636,Animal Health Research Reviews,2.39,1103,Animal Science and Zoology,Quartile1,Top 10%,14662523,14752654,11
15185,Academic Emergency Medicine,2.38,2711,Emergency Medicine,Quartile1,Top 10%,10696563,,27
40751,Evolutionary Anthropology,2.36,3314,Anthropology,Quartile1,Top 10%,10601538,15206505,33
4700152205,Criminology and Criminal Justice,2.35,3308,Law,Quartile1,Top 10%,17488966,17488958,33
4000148701,Perspectives on Politics,2.34,3320,Political Science and International Relations,Quartile1,Top 10%,15375927,,33
19700175822,Journal of Multidisciplinary Healthcare,2.31,2900,General Nursing,Quartile1,Top 10%,11782390,,29
18316,Journal of Veterinary Internal Medicine,2.3,3400,General Veterinary,Quartile1,Top 10%,8916640,19391676,34
500147002,Worldviews on Evidence-Based Nursing,2.27,2900,General Nursing,Quartile1,Top 10%,1545102X,17416787,29
9700153101,Chinese Journal of International Politics,2.21,3320,Political Science and International Relations,Quartile1,Top 10%,17508916,,33
130084,Journal of Contemporary Criminal Justice,2.17,3308,Law,Quartile1,Top 10%,10439862,,33
25959,Annales Scientifiques de l'Ecole Normale Superieure,2.15,2600,General Mathematics,Quartile1,Top 10%,129593,,26
17900156729,Journal of Human Capital,2.1,2000,"General Economics, Econometrics and Finance",Quartile1,Top 10%,19328575,,20
19900191883,American Economic Journal: Microeconomics,2.08,2000,"General Economics, Econometrics and Finance",Quartile1,Top 10%,19457669,19457685,20
28191,Journal of Clinical Nursing,2.07,2900,General Nursing,Quartile1,Top 10%,9621067,13652702,29
4300151401,BMC Veterinary Research,2.06,3400,General Veterinary,Quartile1,Top 10%,17466148,,34
22856,Yale Law Journal,2.01,3308,Law,Quartile1,Top 10%,440094,,33
5600155075,Field Methods,2,3314,Anthropology,Quartile1,Top 10%,1525822X,,33
19538,Veterinary Pathology,1.98,3400,General Veterinary,Quartile1,Top 10%,3009858,15442217,34
5600153394,International Criminal Justice Review,1.9,3308,Law,Quartile1,Top 10%,10575677,,33
33476,Medical Anthropology Quarterly,1.87,3314,Anthropology,Quartile1,Top 10%,7455194,,33
5600155948,European Law Journal,1.87,3308,Law,Quartile1,Top 10%,13515993,14680386,33
25026,European Journal of Orthodontics,1.83,3505,Orthodontics,Quartile1,Top 10%,1415387,14602210,35
27285,Journal for the Scientific Study of Religion,1.75,1212,Religious studies,Quartile1,Top 10%,218294,,12
25403,Mind,1.58,1211,Philosophy,Quartile1,Top 10%,264423,14602113,12
6500153208,Philosophical Quarterly,1.54,1211,Philosophy,Quartile1,Top 10%,318094,14679213,12
26582,Geometry and Topology,1.53,2608,Geometry and Topology,Quartile1,Top 10%,14653060,,26
26109,Philosophical Studies,1.38,1211,Philosophy,Quartile1,Top 10%,318116,,12
5000153503,Music Perception,1.37,1210,Music,Quartile1,Top 10%,7307829,,12
85519,Ethics,1.35,1211,Philosophy,Quartile1,Top 10%,141704,1539297X,12
147232,International Journal of Cultural Studies,1.28,3316,Cultural Studies,Quartile1,Top 10%,13678779,,33
5700159284,Narrative,1.26,1208,Literature and Literary Theory,Quartile1,Top 10%,10633685,1538974X,12
16000154743,Nous-Supplement: Philosophical Perspectives,1.26,1211,Philosophy,Quartile1,Top 10%,15208583,,12
24781,Journal of Applied Philosophy,1.23,1211,Philosophy,Quartile1,Top 10%,2643758,,12
19700194016,Journal of Cultural Economy,1.17,3316,Cultural Studies,Quartile1,Top 10%,17530350,17530369,33
22208,Australasian Journal of Philosophy,1.16,1211,Philosophy,Quartile1,Top 10%,48402,,12
24810,Journal of Moral Education,1.13,1212,Religious studies,Quartile1,Top 10%,3057240,14653877,12
19800188060,Celebrity Studies,1.12,3316,Cultural Studies,Quartile1,Top 10%,19392397,19392400,33
22374,Twentieth Century British History,0.99,1202,History,Quartile1,Top 10%,9552359,14774674,12
19095,Journal of African History,0.89,1202,History,Quartile1,Top 10%,218537,14695138,12
15883,Journal of Modern History,0.82,1202,History,Quartile1,Top 10%,222801,15375358,12
15558,New Literary History,0.8,1208,Literature and Literary Theory,Quartile1,Top 10%,286087,1080661X,12
14667,Diplomatic History,0.77,1202,History,Quartile1,Top 10%,1452096,14677709,12
16475,Oral History Review,0.77,1202,History,Quartile1,Top 10%,940798,,12
16000154717,Modern Language Quarterly,0.61,1208,Literature and Literary Theory,Quartile1,Top 10%,267929,,12
5700156078,Poetics Today,0.57,1208,Literature and Literary Theory,Quartile1,Top 10%,3335372,,12
27341,Journal of Religious Ethics,0.54,1212,Religious studies,Quartile1,Top 10%,3849694,14679795,12
5600155214,Journal of the American Academy of Religion,0.52,1212,Religious studies,Quartile1,Top 10%,27189,,12
21100286926,Religions,0.5,1212,Religious studies,Quartile1,Top 10%,,20771444,12
5700169125,Style,0.43,1208,Literature and Literary Theory,Quartile1,Top 10%,394238,,12
5700152915,Research in African Literatures,0.4,1208,Literature and Literary Theory,Quartile1,Top 10%,345210,15272044,12
16200154795,MFS - Modern Fiction Studies,0.35,1208,Literature and Literary Theory,Quartile1,Top 10%,267724,,12
6000186059,Genre,0.34,1208,Literature and Literary Theory,Quartile1,Top 10%,166928,,12